2021;1;1;-8°;-13°
2021;1;2;-9°;-11°
2021;1;3;-9°;-12°
2021;1;4;-8°;-12°
2021;1;5;-7°;-10°
2021;1;6;-11°;-15°
2021;1;7;-10°;-14°
2021;1;8;-8°;-11°
2021;1;9;-6°;-9°
2021;1;10;0°;-6°
2021;1;11;-10°;-20°
2021;1;12;-20°;-23°
2021;1;13;-19°;-23°
2021;1;14;-8°;-20°
2021;1;15;-6°;-10°
2021;1;16;-2°;-9°
2021;1;17;-6°;-21°
2021;1;18;-19°;-24°
2021;1;19;-13°;-18°
2021;1;20;-19°;-24°
2021;1;21;-13°;-20°
2021;1;22;-11°;-17°
2021;1;23;-12°;-21°
2021;1;24;+1°;-11°
2021;1;25;0°;-3°
2021;1;26;-3°;-5°
2021;1;27;-5°;-6°
2021;1;28;-5°;-8°
2021;1;29;-3°;-7°
2021;1;30;-1°;-4°
2021;1;31;-3°;-6°
2021;2;1;-2°;-8°
2021;2;2;+2°;-7°
2021;2;3;-7°;-11°
2021;2;4;+1°;-9°
2021;2;5;+2°;+1°
2021;2;6;+2°;-18°
2021;2;7;-19°;-20°
2021;2;8;-20°;-28°
2021;2;9;-20°;-28°
2021;2;10;-12°;-23°
2021;2;11;-12°;-19°
2021;2;12;-1°;-14°
2021;2;13;+1°;-1°
2021;2;14;0°;-11°
2021;2;15;-15°;-20°
2021;2;16;-19°;-25°
2021;2;17;-17°;-26°
2021;2;18;-18°;-25°
2021;2;19;-16°;-25°
2021;2;20;-17°;-24°
2021;2;21;-19°;-26°
2021;2;22;-21°;-28°
2021;2;23;-24°;-28°
2021;2;24;-21°;-28°
2021;2;25;-18°;-29°
2021;2;26;-16°;-21°
2021;2;27;-4°;-14°
2021;2;28;-2°;-17°
2021;3;1;-13°;-21°
2021;3;2;-1°;-21°
2021;3;3;-1°;-7°
2021;3;4;0°;-12°
2021;3;5;-1°;-13°
2021;3;6;-6°;-14°
2021;3;7;-8°;-18°
2021;3;8;-1°;-13°
2021;3;9;-4°;-12°
2021;3;10;-9°;-18°
2021;3;11;-15°;-26°
2021;3;12;-6°;-19°
2021;3;13;-8°;-16°
2021;3;14;-7°;-18°
2021;3;15;-7°;-14°
2021;3;16;-6°;-14°
2021;3;17;-4°;-13°
2021;3;18;0°;-6°
2021;3;19;0°;-8°
2021;3;20;-1°;-4°
2021;3;21;-3°;-11°
2021;3;22;-1°;-11°
2021;3;23;0°;-4°
2021;3;24;0°;-4°
2021;3;25;0°;-11°
2021;3;26;0°;-9°
2021;3;27;0°;-1°
2021;3;28;0°;-7°
2021;3;29;0°;-10°
2021;3;30;0°;-4°
2021;3;31;0°;-6°
2021;4;1;+2°;0°
2021;4;2;+4°;0°
2021;4;3;+1°;-1°
2021;4;4;+1°;0°
2021;4;5;+1°;0°
2021;4;6;+2°;-4°
2021;4;7;+2°;+1°
2021;4;8;+2°;0°
2021;4;9;+5°;+1°
2021;4;10;+8°;+1°
2021;4;11;+12°;+6°
2021;4;12;+10°;+6°
2021;4;13;+12°;+6°
2021;4;14;+16°;+6°
2021;4;15;+18°;+6°
2021;4;16;+18°;+9°
2021;4;17;+14°;+5°
2021;4;18;+13°;+3°
2021;4;19;+7°;+2°
2021;4;20;+8°;0°
2021;4;21;+10°;0°
2021;4;22;+9°;+3°
2021;4;23;+13°;+3°
2021;4;24;+7°;+6°
2021;4;25;+9°;+4°
2021;4;26;+11°;+2°
2021;4;27;+10°;+4°
2021;4;28;+10°;+3°
2021;4;29;+11°;+3°
2021;4;30;+13°;+3°
2021;5;1;+14°;+6°
2021;5;2;+13°;+9°
2021;5;3;+18°;+7°
2021;5;4;+24°;+12°
2021;5;5;+13°;+6°
2021;5;6;+14°;+4°
2021;5;7;+19°;+9°
2021;5;8;+19°;+11°
2021;5;9;+22°;+9°
2021;5;10;+24°;+13°
2021;5;11;+24°;+14°
2021;5;12;+25°;+15°
2021;5;13;+26°;+14°
2021;5;14;+27°;+15°
2021;5;15;+29°;+15°
2021;5;16;+29°;+17°
2021;5;17;+30°;+19°
2021;5;18;+19°;+19°
2021;5;19;+25°;+13°
2021;5;20;+24°;+13°
2021;5;21;+23°;+14°
2021;5;22;+27°;+15°
2021;5;23;+29°;+16°
2021;5;24;+30°;+19°
2021;5;25;+26°;+12°
2021;5;26;+20°;+11°
2021;5;27;+20°;+9°
2021;5;28;+25°;+9°
2021;5;29;+26°;+15°
2021;5;30;+26°;+15°
2021;5;31;+14°;+8°
2021;6;1;+20°;+6°
2021;6;2;+12°;+10°
2021;6;3;+18°;+8°
2021;6;4;+19°;+10°
2021;6;5;+20°;+6°
2021;6;6;+21°;+11°
2021;6;7;+24°;+11°
2021;6;8;+24°;+13°
2021;6;9;+22°;+16°
2021;6;10;+22°;+13°
2021;6;11;+21°;+11°
2021;6;12;+18°;+13°
2021;6;13;+24°;+14°
2021;6;14;+27°;+14°
2021;6;15;+27°;+16°
2021;6;16;+27°;+17°
2021;6;17;+21°;+14°
2021;6;18;+10°;+10°
2021;6;19;+23°;+10°
2021;6;20;+26°;+17°
2021;6;21;+27°;+13°
2021;6;22;+19°;+18°
2021;6;23;+30°;+18°
2021;6;24;+27°;+16°
2021;6;25;+32°;+18°
2021;6;26;+31°;+20°
2021;6;27;+28°;+19°
2021;6;28;+30°;+19°
2021;6;29;+32°;+20°
2021;6;30;+31°;+19°
2021;7;1;+28°;+18°
2021;7;2;+27°;+16°
2021;7;3;+27°;+16°
2021;7;4;+25°;+15°
2021;7;5;+21°;+13°
2021;7;6;+23°;+10°
2021;7;7;+24°;+11°
2021;7;8;+27°;+23°
2021;7;9;+23°;+20°
2021;7;10;+30°;+17°
2021;7;11;+23°;+14°
2021;7;12;+23°;+15°
2021;7;13;+26°;+14°
2021;7;14;+25°;+11°
2021;7;15;+27°;+12°
2021;7;16;+29°;+15°
2021;7;17;+28°;+16°
2021;7;18;+30°;+16°
2021;7;19;+29°;+18°
2021;7;20;+33°;+19°
2021;7;21;+29°;+18°
2021;7;22;+30°;+14°
2021;7;23;+22°;+12°
2021;7;24;+23°;+14°
2021;7;25;+22°;+10°
2021;7;26;+23°;+9°
2021;7;27;+25°;+12°
2021;7;28;+22°;+10°
2021;7;29;+27°;+10°
2021;7;30;+26°;+18°
2021;7;31;+30°;+17°
2021;8;1;+32°;+17°
2021;8;2;+33°;+18°
2021;8;3;+37°;+20°
2021;8;4;+38°;+22°
2021;8;5;+28°;+18°
2021;8;6;+26°;+13°
2021;8;7;+24°;+12°
2021;8;8;+28°;+15°
2021;8;9;+29°;+13°
2021;8;10;+30°;+18°
2021;8;11;+27°;+12°
2021;8;12;+29°;+10°
2021;8;13;+31°;+13°
2021;8;14;+32°;+15°
2021;8;15;+29°;+15°
2021;8;16;+34°;+17°
2021;8;17;+35°;+19°
2021;8;18;+36°;+19°
2021;8;19;+37°;+21°
2021;8;20;+38°;+21°
2021;8;21;+38°;+24°
2021;8;22;+38°;+23°
2021;8;23;+34°;+20°
2021;8;24;+35°;+18°
2021;8;25;+34°;+17°
2021;8;26;+25°;+12°
2021;8;27;+24°;+9°
2021;8;28;+23°;+8°
2021;8;29;+21°;+6°
2021;8;30;+23°;+8°
2021;8;31;+26°;+10°
2021;9;1;+30°;+18°
2021;9;2;+25°;+16°
2021;9;3;+15°;+15°
2021;9;4;+15°;+8°
2021;9;5;+14°;+7°
2021;9;6;+14°;+7°
2021;9;7;+13°;+4°
2021;9;8;+12°;+4°
2021;9;9;+14°;+8°
2021;9;10;+13°;+9°
2021;9;11;+14°;+4°
2021;9;12;+16°;+5°
2021;9;13;+21°;+9°
2021;9;14;+22°;+14°
2021;9;15;+16°;+9°
2021;9;16;+9°;+4°
2021;9;17;+9°;+6°
2021;9;18;+7°;+3°
2021;9;19;+9°;0°
2021;9;20;+10°;+1°
2021;9;21;+12°;+3°
2021;9;22;+13°;+8°
2021;9;23;+11°;+9°
2021;9;24;+15°;+8°
2021;9;25;+12°;+9°
2021;9;26;+16°;+9°
2021;9;27;+11°;+3°
2021;9;28;+9°;+1°
2021;9;29;+9°;0°
2021;9;30;+9°;0°
2021;10;1;+10°;+5°
2021;10;2;+12°;+8°
2021;10;3;+8°;+6°
2021;10;4;+7°;+1°
2021;10;5;+7°;-1°
2021;10;6;+8°;+2°
2021;10;7;+10°;+1°
2021;10;8;+12°;+2°
2021;10;9;+11°;+2°
2021;10;10;+10°;+6°
2021;10;11;+12°;+4°
2021;10;12;+13°;+5°
2021;10;13;+14°;+5°
2021;10;14;+13°;+4°
2021;10;15;+13°;+8°
2021;10;16;+10°;+3°
2021;10;17;+12°;+3°
2021;10;18;+11°;+8°
2021;10;19;+9°;+4°
2021;10;20;+4°;+1°
2021;10;21;+3°;-1°
2021;10;22;+11°;+4°
2021;10;23;+13°;+7°
2021;10;24;+9°;+4°
2021;10;25;+3°;+2°
2021;10;26;+3°;-1°
2021;10;27;+4°;0°
2021;10;28;+4°;+1°
2021;10;29;+3°;-1°
2021;10;30;+6°;-1°
2021;10;31;+10°;+6°
2021;11;1;+8°;+4°
2021;11;2;+3°;+3°
2021;11;3;+2°;-2°
2021;11;4;+1°;-3°
2021;11;5;+2°;0°
2021;11;6;+4°;0°
2021;11;7;+5°;0°
2021;11;8;+4°;0°
2021;11;9;+6°;+3°
2021;11;10;+3°;-4°
2021;11;11;-1°;-6°
2021;11;12;0°;-2°
2021;11;13;-1°;-4°
2021;11;14;-1°;-10°
2021;11;15;-6°;-13°
2021;11;16;-5°;-14°
2021;11;17;-1°;-4°
2021;11;18;-1°;-6°
2021;11;19;-1°;-3°
2021;11;20;0°;-2°
2021;11;21;+1°;-2°
2021;11;22;0°;-3°
2021;11;23;-5°;-15°
2021;11;24;-11°;-17°
2021;11;25;-2°;-12°
2021;11;26;0°;-11°
2021;11;27;-1°;-11°
2021;11;28;-2°;-12°
2021;11;29;0°;-1°
2021;11;30;+2°;-1°
2021;12;1;+2°;+1°
2021;12;2;0°;-3°
2021;12;3;+1°;-3°
2021;12;4;+2°;+1°
2021;12;5;+1°;-3°
2021;12;6;-3°;-9°
2021;12;7;-10°;-11°
2021;12;8;-3°;-11°
2021;12;9;-2°;-5°
2021;12;10;-3°;-5°
2021;12;11;-7°;-10°
2021;12;12;-8°;-11°
2021;12;13;-7°;-12°
2021;12;14;-4°;-9°
2021;12;15;-3°;-5°
2021;12;16;-2°;-3°
2021;12;17;-1°;-3°
2021;12;18;-1°;-2°
2021;12;19;-3°;-10°
2021;12;20;0°;-7°
2021;12;21;0°;-2°
2021;12;22;-9°;-21°
2021;12;23;-15°;-19°
2021;12;24;-20°;-25°
2021;12;25;-10°;-22°
2021;12;26;-5°;-10°
2021;12;27;-12°;-19°
2021;12;28;-17°;-23°
2021;12;29;-16°;-23°
2021;12;30;-10°;-20°
2021;12;31;-8°;-13°
2022;1;1;-2°;-9°
2022;1;2;0°;-1°
2022;1;3;-8°;-20°
2022;1;4;-17°;-25°
2022;1;5;-17°;-25°
2022;1;6;-4°;-24°
2022;1;7;+1°;0°
2022;1;8;-1°;-16°
2022;1;9;-14°;-21°
2022;1;10;-10°;-19°
2022;1;11;-8°;-13°
2022;1;12;-16°;-16°
2022;1;13;-10°;-16°
2022;1;14;-6°;-14°
2022;1;15;-5°;-14°
2022;1;16;-11°;-17°
2022;1;17;-8°;-17°
2022;1;18;-3°;-9°
2022;1;19;-2°;-5°
2022;1;20;-6°;-6°
2022;1;21;-10°;-18°
2022;1;22;-7°;-17°
2022;1;23;-7°;-12°
2022;1;24;-8°;-15°
2022;1;25;-10°;-20°
2022;1;26;-8°;-19°
2022;1;27;-8°;-16°
2022;1;28;-8°;-19°
2022;1;29;-8°;-17°
2022;1;30;-4°;-15°
2022;1;31;-3°;-9°
2022;2;1;-1°;-2°
2022;2;2;-1°;-4°
2022;2;3;0°;-2°
2022;2;4;0°;0°
2022;2;5;0°;-7°
2022;2;6;-2°;-12°
2022;2;7;-4°;-12°
2022;2;8;-6°;-10°
2022;2;9;-3°;-10°
2022;2;10;-5°;-7°
2022;2;11;-4°;-7°
2022;2;12;-2°;-5°
2022;2;13;-3°;-10°
2022;2;14;-7°;-16°
2022;2;15;-4°;-8°
2022;2;16;-4°;-10°
2022;2;17;-6°;-13°
2022;2;18;-3°;-14°
2022;2;19;-4°;-8°
2022;2;20;0°;-4°
2022;2;21;0°;-4°
2022;2;22;0°;-3°
2022;2;23;+1°;0°
2022;2;24;0°;-1°
2022;2;25;0°;-11°
2022;2;26;-1°;-7°
2022;2;27;0°;-2°
2022;2;28;0°;-8°
2022;3;1;0°;-11°
2022;3;2;-2°;-12°
2022;3;3;-2°;-10°
2022;3;4;0°;-10°
2022;3;5;-1°;-6°
2022;3;6;-5°;-12°
2022;3;7;-9°;-19°
2022;3;8;-8°;-23°
2022;3;9;-8°;-13°
2022;3;10;-5°;-16°
2022;3;11;-8°;-18°
2022;3;12;-9°;-24°
2022;3;13;-7°;-24°
2022;3;14;-7°;-15°
2022;3;15;-7°;-19°
2022;3;16;-7°;-21°
2022;3;17;-6°;-23°
2022;3;18;-2°;-13°
2022;3;19;0°;-15°
2022;3;20;0°;-5°
2022;3;21;0°;-3°
2022;3;22;0°;-10°
2022;3;23;+1°;0°
2022;3;24;+1°;-5°
2022;3;25;+1°;-7°
2022;3;26;0°;-10°
2022;3;27;+1°;-1°
2022;3;28;-1°;-12°
2022;3;29;+1°;-11°
2022;3;30;+1°;0°
2022;3;31;0°;-5°
2022;4;1;+2°;-1°
2022;4;2;+4°;+2°
2022;4;3;+7°;+1°
2022;4;4;+4°;+2°
2022;4;5;0°;-5°
2022;4;6;+2°;-5°
2022;4;7;+2°;0°
2022;4;8;+6°;-2°
2022;4;9;+6°;+1°
2022;4;10;+6°;+4°
2022;4;11;+9°;+4°
2022;4;12;+13°;+2°
2022;4;13;+10°;+3°
2022;4;14;+17°;+5°
2022;4;15;+8°;+7°
2022;4;16;+7°;0°
2022;4;17;+9°;0°
2022;4;18;+15°;+5°
2022;4;19;+15°;+6°
2022;4;20;+13°;+6°
2022;4;21;+9°;+5°
2022;4;22;+10°;+1°
2022;4;23;+15°;+1°
2022;4;24;+12°;+4°
2022;4;25;+16°;+9°
2022;4;26;+19°;+10°
2022;4;27;+15°;+13°
2022;4;28;+14°;+6°
2022;4;29;+8°;+1°
2022;4;30;+11°;0°
2022;5;1;+8°;+2°
2022;5;2;+11°;0°
2022;5;3;+13°;+3°
2022;5;4;+15°;+6°
2022;5;5;+12°;+3°
2022;5;6;+9°;0°
2022;5;7;+14°;+2°
2022;5;8;+16°;+5°
2022;5;9;+18°;+7°
2022;5;10;+12°;+8°
2022;5;11;+12°;+5°
2022;5;12;+10°;+4°
2022;5;13;+11°;+4°
2022;5;14;+16°;+4°
2022;5;15;+17°;+7°
2022;5;16;+13°;+9°
2022;5;17;+15°;+6°
2022;5;18;+13°;+4°
2022;5;19;+11°;+3°
2022;5;20;+10°;+2°
2022;5;21;+6°;+1°
2022;5;22;+9°;0°
2022;5;23;+9°;+3°
2022;5;24;+13°;+5°
2022;5;25;+16°;+5°
2022;5;26;+13°;+3°
2022;5;27;+17°;+5°
2022;5;28;+15°;+10°
2022;5;29;+18°;+11°
2022;5;30;+18°;+10°
2022;5;31;+18°;+8°
2022;6;1;+20°;+10°
2022;6;2;+23°;+11°
2022;6;3;+23°;+14°
2022;6;4;+21°;+14°
2022;6;5;+20°;+13°
2022;6;6;+19°;+12°
2022;6;7;+13°;+11°
2022;6;8;+10°;+8°
2022;6;9;+16°;+10°
2022;6;10;+20°;+9°
2022;6;11;+19°;+12°
2022;6;12;+13°;+7°
2022;6;13;+18°;+8°
2022;6;14;+20°;+9°
2022;6;15;+23°;+12°
2022;6;16;+24°;+15°
2022;6;17;+23°;+15°
2022;6;18;+21°;+12°
2022;6;19;+20°;+13°
2022;6;20;+16°;+11°
2022;6;21;+18°;+10°
2022;6;22;+20°;+9°
2022;6;23;+24°;+14°
2022;6;24;+18°;+13°
2022;6;25;+22°;+11°
2022;6;26;+17°;+11°
2022;6;27;+21°;+9°
2022;6;28;+15°;+8°
2022;6;29;+14°;+4°
2022;6;30;+18°;+7°
2022;7;1;+18°;+8°
2022;7;2;+20°;+10°
2022;7;3;+22°;+11°
2022;7;4;+14°;+12°
2022;7;5;+17°;+9°
2022;7;6;+22°;+10°
2022;7;7;+22°;+14°
2022;7;8;+25°;+14°
2022;7;9;+26°;+16°
2022;7;10;+27°;+16°
2022;7;11;+28°;+16°
2022;7;12;+29°;+18°
2022;7;13;+30°;+19°
2022;7;14;+28°;+19°
2022;7;15;+24°;+17°
2022;7;16;+25°;+15°
2022;7;17;+26°;+16°
2022;7;18;+27°;+18°
2022;7;19;+24°;+16°
2022;7;20;+20°;+12°
2022;7;21;+22°;+14°
2022;7;22;+24°;+13°
2022;7;23;+26°;+14°
2022;7;24;+27°;+16°
2022;7;25;+28°;+17°
2022;7;26;+26°;+15°
2022;7;27;+24°;+16°
2022;7;28;+23°;+16°
2022;7;29;+23°;+12°
2022;7;30;+25°;+13°
2022;7;31;+24°;+14°
2022;8;1;+24°;+15°
2022;8;2;+23°;+14°
2022;8;3;+24°;+14°
2022;8;4;+26°;+17°
2022;8;5;+27°;+18°
2022;8;6;+27°;+15°
2022;8;7;+28°;+17°
2022;8;8;+28°;+18°
2022;8;9;+29°;+18°
2022;8;10;+28°;+18°
2022;8;11;+23°;+15°
2022;8;12;+24°;+12°
2022;8;13;+26°;+14°
2022;8;14;+23°;+14°
2022;8;15;+24°;+11°
2022;8;16;+24°;+13°
2022;8;17;+26°;+13°
2022;8;18;+24°;+12°
2022;8;19;+22°;+9°
2022;8;20;+25°;+9°
2022;8;21;+28°;+13°
2022;8;22;+29°;+16°
2022;8;23;+30°;+16°
2022;8;24;+29°;+15°
2022;8;25;+30°;+16°
2022;8;26;+29°;+17°
2022;8;27;+30°;+17°
2022;8;28;+30°;+16°
2022;8;29;+30°;+16°
2022;8;30;+31°;+17°
2022;8;31;+31°;+19°
2022;9;1;+29°;+18°
2022;9;2;+23°;+14°
2022;9;3;+17°;+6°
2022;9;4;+16°;+6°
2022;9;5;+16°;+7°
2022;9;6;+13°;+7°
2022;9;7;+12°;+4°
2022;9;8;+12°;+7°
2022;9;9;+9°;+6°
2022;9;10;+12°;+5°
2022;9;11;+13°;+6°
2022;9;12;+14°;+6°
2022;9;13;+16°;+5°
2022;9;14;+19°;+9°
2022;9;15;+19°;+14°
2022;9;16;+16°;+11°
2022;9;17;+16°;+11°
2022;9;18;+20°;+14°
2022;9;19;+28°;+18°
2022;9;20;+21°;+15°
2022;9;21;+25°;+14°
2022;9;22;+27°;+17°
2022;9;23;+26°;+15°
2022;9;24;+23°;+15°
2022;9;25;+12°;+8°
2022;9;26;+12°;+7°
2022;9;27;+7°;+4°
2022;9;28;+7°;+2°
2022;9;29;+8°;+5°
2022;9;30;+6°;+4°
2022;10;1;+10°;+5°
2022;10;2;+14°;+7°
2022;10;3;+17°;+10°
2022;10;4;+15°;+7°
2022;10;5;+11°;+8°
2022;10;6;+12°;+6°
2022;10;7;+11°;+4°
2022;10;8;+9°;+7°
2022;10;9;+14°;+6°
2022;10;10;+15°;+6°
2022;10;11;+12°;+9°
2022;10;12;+16°;+9°
2022;10;13;+10°;+8°
2022;10;14;+9°;+6°
2022;10;15;+6°;+4°
2022;10;16;+8°;+4°
2022;10;17;+10°;+4°
2022;10;18;+7°;+3°
2022;10;19;+8°;+6°
2022;10;20;+6°;+4°
2022;10;21;+6°;0°
2022;10;22;+3°;-2°
2022;10;23;+4°;-2°
2022;10;24;+6°;+1°
2022;10;25;+4°;+1°
2022;10;26;+2°;-1°
2022;10;27;+2°;-2°
2022;10;28;+2°;-1°
2022;10;29;+3°;0°
2022;10;30;+4°;+2°
2022;10;31;+5°;0°
2022;11;1;+2°;0°
2022;11;2;0°;-4°
2022;11;3;0°;-4°
2022;11;4;-1°;-7°
2022;11;5;0°;-5°
2022;11;6;0°;-6°
2022;11;7;-1°;-7°
2022;11;8;0°;-3°
2022;11;9;+1°;0°
2022;11;10;+2°;+1°
2022;11;11;+4°;+2°
2022;11;12;+5°;+3°
2022;11;13;+7°;+1°
2022;11;14;+1°;-4°
2022;11;15;-5°;-6°
2022;11;16;-5°;-9°
2022;11;17;-3°;-10°
2022;11;18;-1°;-3°
2022;11;19;0°;-9°
2022;11;20;-4°;-14°
2022;11;21;-8°;-13°
2022;11;22;-8°;-16°
2022;11;23;0°;-16°
2022;11;24;+1°;-3°
2022;11;25;-1°;-3°
2022;11;26;-1°;-8°
2022;11;27;-6°;-13°
2022;11;28;-10°;-17°
2022;11;29;-11°;-20°
2022;11;30;-10°;-18°
2022;12;1;-8°;-15°
2022;12;2;-13°;-20°
2022;12;3;-15°;-22°
2022;12;4;-12°;-22°
2022;12;5;-12°;-20°
2022;12;6;-13°;-21°
2022;12;7;-14°;-21°
2022;12;8;-14°;-20°
2022;12;9;-13°;-20°
2022;12;10;-9°;-13°
2022;12;11;-5°;-8°
2022;12;12;-5°;-8°
2022;12;13;-7°;-14°
2022;12;14;-4°;-14°
2022;12;15;-8°;-14°
2022;12;16;-4°;-16°
2022;12;17;-3°;-7°
2022;12;18;+1°;-3°
2022;12;19;+1°;-10°
2022;12;20;-12°;-18°
2022;12;21;-11°;-21°
2022;12;22;-3°;-22°
2022;12;23;0°;-1°
2022;12;24;+1°;-5°
2022;12;25;-5°;-9°
2022;12;26;-5°;-10°
2022;12;27;-6°;-18°
2022;12;28;-6°;-18°
2022;12;29;-7°;-14°
2022;12;30;-7°;-17°
2022;12;31;-8°;-20°
2023;1;1;-3°;-6°
2023;1;2;0°;-3°
2023;1;3;-3°;-10°
2023;1;4;-4°;-15°
2023;1;5;-11°;-22°
2023;1;6;-4°;-18°
2023;1;7;-25°;-33°
2023;1;8;-22°;-33°
2023;1;9;-29°;-37°
2023;1;10;-25°;-36°
2023;1;11;-18°;-30°
2023;1;12;-13°;-23°
2023;1;13;-12°;-16°
2023;1;14;-11°;-14°
2023;1;15;-9°;-17°
2023;1;16;-12°;-19°
2023;1;17;-11°;-19°
2023;1;18;-10°;-19°
2023;1;19;-8°;-19°
2023;1;20;-9°;-19°
2023;1;21;-10°;-19°
2023;1;22;-8°;-15°
2023;1;23;-8°;-17°
2023;1;24;-9°;-19°
2023;1;25;-8°;-18°
2023;1;26;-6°;-15°
2023;1;27;-4°;-9°
2023;1;28;-7°;-15°
2023;1;29;-10°;-18°
2023;1;30;-5°;-16°
2023;1;31;-5°;-7°
2023;2;1;-7°;-19°
2023;2;2;-6°;-19°
2023;2;3;-6°;-15°
2023;2;4;-6°;-12°
2023;2;5;-6°;-12°
2023;2;6;-6°;-11°
2023;2;7;-10°;-20°
2023;2;8;-9°;-22°
2023;2;9;-5°;-12°
2023;2;10;-3°;-12°
2023;2;11;-6°;-13°
2023;2;12;-8°;-13°
2023;2;13;-3°;-9°
2023;2;14;-4°;-8°
2023;2;15;-7°;-11°
2023;2;16;-1°;-11°
2023;2;17;-5°;-10°
2023;2;18;-10°;-20°
2023;2;19;-9°;-23°
2023;2;20;-8°;-24°
2023;2;21;-4°;-13°
2023;2;22;-3°;-10°
2023;2;23;-5°;-10°
2023;2;24;-10°;-18°
2023;2;25;-4°;-11°
2023;2;26;0°;-4°
2023;2;27;+1°;-1°
2023;2;28;-3°;-9°
2023;3;1;-3°;-9°
2023;3;2;-5°;-9°
2023;3;3;-3°;-14°
2023;3;4;0°;-5°
2023;3;5;0°;-1°
2023;3;6;-2°;-5°
2023;3;7;-3°;-7°
2023;3;8;0°;-12°
2023;3;9;+1°;0°
2023;3;10;+2°;+1°
2023;3;11;+2°;-8°
2023;3;12;+2°;-9°
2023;3;13;+3°;-1°
2023;3;14;0°;-5°
2023;3;15;+1°;-4°
2023;3;16;+2°;-4°
2023;3;17;+3°;-2°
2023;3;18;0°;-4°
2023;3;19;0°;-7°
2023;3;20;0°;-4°
2023;3;21;+2°;-4°
2023;3;22;+3°;-1°
2023;3;23;+3°;-2°
2023;3;24;+4°;+1°
2023;3;25;+7°;+1°
2023;3;26;+7°;+2°
2023;3;27;+11°;+3°
2023;3;28;+8°;+5°
2023;3;29;+5°;0°
2023;3;30;+5°;0°
2023;3;31;+6°;0°
2023;4;1;+5°;+2°
2023;4;2;+10°;+2°
2023;4;3;+12°;+2°
2023;4;4;+14°;+3°
2023;4;5;+15°;+6°
2023;4;6;+10°;+4°
2023;4;7;+7°;+2°
2023;4;8;+8°;0°
2023;4;9;+10°;+1°
2023;4;10;+11°;+3°
2023;4;11;+10°;+2°
2023;4;12;+15°;+5°
2023;4;13;+16°;+6°
2023;4;14;+5°;0°
2023;4;15;+4°;-4°
2023;4;16;+7°;0°
2023;4;17;+11°;0°
2023;4;18;+14°;+5°
2023;4;19;+15°;+7°
2023;4;20;+15°;+7°
2023;4;21;+16°;+8°
2023;4;22;+9°;+7°
2023;4;23;+16°;+6°
2023;4;24;+19°;+8°
2023;4;25;+20°;+10°
2023;4;26;+17°;+14°
2023;4;27;+11°;+11°
2023;4;28;+20°;+11°
2023;4;29;+21°;+10°
2023;4;30;+25°;+11°
2023;5;1;+26°;+15°
2023;5;2;+24°;+15°
2023;5;3;+23°;+14°
2023;5;4;+20°;+15°
2023;5;5;+20°;+13°
2023;5;6;+21°;+8°
2023;5;7;+10°;+3°
2023;5;8;+9°;0°
2023;5;9;+11°;0°
2023;5;10;+15°;+4°
2023;5;11;+18°;+6°
2023;5;12;+12°;+7°
2023;5;13;+15°;+7°
2023;5;14;+17°;+7°
2023;5;15;+17°;+9°
2023;5;16;+20°;+10°
2023;5;17;+22°;+10°
2023;5;18;+18°;+9°
2023;5;19;+12°;+7°
2023;5;20;+20°;+9°
2023;5;21;+22°;+10°
2023;5;22;+24°;+12°
2023;5;23;+25°;+13°
2023;5;24;+27°;+14°
2023;5;25;+28°;+15°
2023;5;26;+27°;+16°
2023;5;27;+26°;+17°
2023;5;28;+28°;+19°
2023;5;29;+24°;+15°
2023;5;30;+26°;+13°
2023;5;31;+29°;+18°
2023;6;1;+23°;+16°
2023;6;2;+28°;+15°
2023;6;3;+22°;+17°
2023;6;4;+26°;+16°
2023;6;5;+19°;+9°
2023;6;6;+13°;+9°
2023;6;7;+18°;+8°
2023;6;8;+20°;+9°
2023;6;9;+19°;+7°
2023;6;10;+22°;+11°
2023;6;11;+15°;+7°
2023;6;12;+13°;+7°
2023;6;13;+18°;+7°
2023;6;14;+18°;+8°
2023;6;15;+22°;+14°
2023;6;16;+20°;+15°
2023;6;17;+24°;+14°
2023;6;18;+17°;+8°
2023;6;19;+14°;+5°
2023;6;20;+13°;+3°
2023;6;21;+14°;+4°
2023;6;22;+13°;+7°
2023;6;23;+18°;+8°
2023;6;24;+19°;+8°
2023;6;25;+18°;+10°
2023;6;26;+17°;+8°
2023;6;27;+22°;+8°
2023;6;28;+23°;+12°
2023;6;29;+24°;+12°
2023;6;30;+27°;+14°
2023;7;1;+25°;+16°
2023;7;2;+21°;+14°
2023;7;3;+25°;+13°
2023;7;4;+27°;+17°
2023;7;5;+27°;+17°
2023;7;6;+28°;+18°
2023;7;7;+28°;+17°
2023;7;8;+29°;+16°
2023;7;9;+31°;+18°
2023;7;10;+35°;+20°
2023;7;11;+35°;+22°
2023;7;12;+28°;+14°
2023;7;13;+22°;+11°
2023;7;14;+19°;+12°
2023;7;15;+23°;+12°
2023;7;16;+21°;+13°
2023;7;17;+20°;+15°
2023;7;18;+21°;+13°
2023;7;19;+26°;+14°
2023;7;20;+22°;+13°
2023;7;21;+24°;+12°
2023;7;22;+22°;+15°
2023;7;23;+24°;+12°
2023;7;24;+21°;+15°
2023;7;25;+25°;+14°
2023;7;26;+26°;+16°
2023;7;27;+29°;+17°
2023;7;28;+32°;+19°
2023;7;29;+34°;+20°
2023;7;30;+31°;+19°
2023;7;31;+26°;+15°
2023;8;1;+25°;+13°
2023;8;2;+26°;+15°
2023;8;3;+29°;+16°
2023;8;4;+28°;+18°
2023;8;5;+30°;+17°
2023;8;6;+28°;+19°
2023;8;7;+29°;+16°
2023;8;8;+28°;+17°
2023;8;9;+29°;+14°
2023;8;10;+29°;+16°
2023;8;11;+27°;+16°
2023;8;12;+28°;+13°
2023;8;13;+30°;+13°
2023;8;14;+31°;+15°
2023;8;15;+32°;+20°
2023;8;16;+27°;+19°
2023;8;17;+31°;+16°
2023;8;18;+33°;+18°
2023;8;19;+29°;+18°
2023;8;20;+24°;+11°
2023;8;21;+20°;+12°
2023;8;22;+21°;+9°
2023;8;23;+19°;+8°
2023;8;24;+17°;+9°
2023;8;25;+17°;+7°
2023;8;26;+16°;+7°
2023;8;27;+17°;+9°
2023;8;28;+9°;+7°
2023;8;29;+16°;+8°
2023;8;30;+18°;+9°
2023;8;31;+20°;+8°
2023;9;1;+19°;+10°
2023;9;2;+20°;+10°
2023;9;3;+20°;+9°
2023;9;4;+21°;+12°
2023;9;5;+22°;+13°
2023;9;6;+21°;+13°
2023;9;7;+17°;+9°
2023;9;8;+13°;+6°
2023;9;9;+14°;+10°
2023;9;10;+15°;+11°
2023;9;11;+12°;+8°
2023;9;12;+17°;+8°
2023;9;13;+17°;+12°
2023;9;14;+21°;+12°
2023;9;15;+19°;+14°
2023;9;16;+18°;+14°
2023;9;17;+20°;+14°
2023;9;18;+18°;+12°
2023;9;19;+15°;+10°
2023;9;20;+18°;+7°
2023;9;21;+18°;+10°
2023;9;22;+21°;+17°
2023;9;23;+22°;+14°
2023;9;24;+22°;+14°
2023;9;25;+23°;+15°
2023;9;26;+19°;+14°
2023;9;27;+15°;+10°
2023;9;28;+17°;+8°
2023;9;29;+14°;+11°
2023;9;30;+15°;+7°
2023;10;1;+18°;+9°
2023;10;2;+17°;+13°
2023;10;3;+16°;+13°
2023;10;4;+17°;+9°
2023;10;5;+14°;+9°
2023;10;6;+14°;+10°
2023;10;7;+10°;+7°
2023;10;8;+9°;+5°
2023;10;9;+5°;+5°
2023;10;10;+5°;+5°
2023;10;11;+5°;+5°
2023;10;12;+5°;+2°
2023;10;13;+5°;+5°
2023;10;14;+9°;+5°
2023;10;15;+13°;+8°
2023;10;16;+14°;+9°
2023;10;17;+12°;+7°
2023;10;18;+7°;+4°
2023;10;19;+8°;+4°
2023;10;20;+8°;+4°
2023;10;21;+4°;+2°
2023;10;22;+3°;-1°
2023;10;23;+4°;-1°
2023;10;24;+8°;+2°
2023;10;25;+2°;-1°
2023;10;26;0°;-4°
2023;10;27;0°;-4°
2023;10;28;0°;0°
2023;10;29;+2°;0°
2023;10;30;+2°;-1°
2023;10;31;+2°;-1°
2023;11;1;+6°;+2°
2023;11;2;+10°;+6°
2023;11;3;+10°;+6°
2023;11;4;+6°;+2°
2023;11;5;+5°;+2°
2023;11;6;+5°;+2°
2023;11;7;+9°;+5°
2023;11;8;+7°;+7°
2023;11;9;+7°;+6°
2023;11;10;+7°;+7°
2023;11;11;+7°;+3°
2023;11;12;+3°;+3°
2023;11;13;+3°;+3°
2023;11;14;+6°;+3°
2023;11;15;+6°;+2°
2023;11;16;+2°;+2°
2023;11;17;+2°;-1°
2023;11;18;-1°;-5°
2023;11;19;-5°;-5°
2023;11;20;-5°;-5°
2023;11;21;-1°;-5°
2023;11;22;-1°;-4°
2023;11;23;-4°;-11°
2023;11;24;-7°;-14°
2023;11;25;+1°;-4°
2023;11;26;+1°;+1°
2023;11;27;+1°;-2°
2023;11;28;-2°;-2°
2023;11;29;-2°;-11°
2023;11;30;-7°;-11°
2023;12;1;-1°;-11°
2023;12;2;0°;-4°
2023;12;3;-4°;-14°
2023;12;4;+1°;-9°
2023;12;5;-6°;-15°
2023;12;6;-15°;-20°
2023;12;7;-20°;-25°
2023;12;8;-23°;-29°
2023;12;9;-23°;-27°
2023;12;10;-24°;-28°
2023;12;11;-22°;-28°
2023;12;12;-19°;-25°
2023;12;13;-16°;-19°
2023;12;14;-10°;-14°
2023;12;15;-10°;-18°
2023;12;16;-9°;-17°
2023;12;17;-11°;-17°
2023;12;18;-2°;-14°
2023;12;19;-3°;-9°
2023;12;20;0°;-2°
2023;12;21;0°;0°
2023;12;22;0°;0°
2023;12;23;-2°;-6°
2023;12;24;-1°;-3°
2023;12;25;0°;-3°
2023;12;26;-4°;-6°
2023;12;27;-5°;-9°
2023;12;28;-7°;-11°
2023;12;29;-9°;-11°
2023;12;30;-9°;-14°
2023;12;31;0°;-3°
2024;1;1;0°;-17°
2024;1;2;-16°;-27°
2024;1;3;-4°;-14°
2024;1;4;-1°;-20°
2024;1;5;-19°;-24°
2024;1;6;-18°;-23°
2024;1;7;-18°;-24°
2024;1;8;-20°;-28°
2024;1;9;-18°;-25°
2024;1;10;-19°;-32°
2024;1;11;-17°;-32°
2024;1;12;-9°;-19°
2024;1;13;-20°;-24°
2024;1;14;-18°;-21°
2024;1;15;-12°;-18°
2024;1;16;-6°;-11°
2024;1;17;-5°;-9°
2024;1;18;-6°;-20°
2024;1;19;-5°;-20°
2024;1;20;-2°;-5°
2024;1;21;-2°;-6°
2024;1;22;-12°;-24°
2024;1;23;-14°;-22°
2024;1;24;-13°;-18°
2024;1;25;-7°;-13°
2024;1;26;-10°;-17°
2024;1;27;-10°;-15°
2024;1;28;-9°;-15°
2024;1;29;-10°;-16°
2024;1;30;-4°;-10°
2024;1;31;-4°;-12°
2024;2;1;-6°;-12°
2024;2;2;-3°;-10°
2024;2;3;-4°;-4°
2024;2;4;-1°;-13°
2024;2;5;-1°;-1°
2024;2;6;-1°;-1°
2024;2;7;-1°;-7°
2024;2;8;-2°;-11°
2024;2;9;-11°;-16°
2024;2;10;-15°;-23°
2024;2;11;-14°;-23°
2024;2;12;-11°;-21°
2024;2;13;-3°;-17°
2024;2;14;-18°;-27°
2024;2;15;-22°;-31°
2024;2;16;-16°;-30°
2024;2;17;-12°;-16°
2024;2;18;-12°;-13°
2024;2;19;-9°;-12°
2024;2;20;-11°;-17°
2024;2;21;-12°;-22°
2024;2;22;-12°;-25°
2024;2;23;-11°;-21°
2024;2;24;-11°;-21°
2024;2;25;-9°;-20°
2024;2;26;-8°;-19°
2024;2;27;-5°;-15°
2024;2;28;-6°;-14°
2024;2;29;-7°;-11°
2024;3;1;-4°;-12°
2024;3;2;-3°;-11°
2024;3;3;-3°;-11°
2024;3;4;-3°;-3°
2024;3;5;-4°;-7°
2024;3;6;-4°;-15°
2024;3;7;-7°;-16°
2024;3;8;-7°;-8°
2024;3;9;-4°;-7°
2024;3;10;-4°;-11°
2024;3;11;-9°;-9°
2024;3;12;-4°;-17°
2024;3;13;-3°;-7°
2024;3;14;0°;-4°
2024;3;15;0°;-5°
2024;3;16;-2°;-11°
2024;3;17;0°;-14°
2024;3;18;-1°;-8°
2024;3;19;0°;-7°
2024;3;20;0°;-6°
2024;3;21;-1°;-5°
2024;3;22;-1°;-1°
2024;3;23;-1°;-1°
2024;3;24;-1°;-1°
2024;3;25;-1°;-1°
2024;3;26;+3°;-1°
2024;3;27;+3°;+3°
2024;3;28;+3°;0°
2024;3;29;0°;-7°
2024;3;30;+1°;-5°
2024;3;31;+1°;+1°
2024;4;1;+1°;+1°
2024;4;2;+7°;+1°
2024;4;3;+11°;+6°
2024;4;4;+11°;+6°
2024;4;5;+10°;+6°
2024;4;6;+7°;+3°
2024;4;7;+3°;+3°
2024;4;8;+7°;+3°
2024;4;9;+12°;+7°
2024;4;10;+12°;+8°
2024;4;11;+13°;+4°
2024;4;12;+17°;+13°
2024;4;13;+10°;+8°
2024;4;14;+5°;+2°
2024;4;15;+11°;+1°
2024;4;16;+11°;+7°
2024;4;17;+18°;+10°
2024;4;18;+21°;+16°
2024;4;19;+24°;+16°
2024;4;20;+22°;+16°
2024;4;21;+23°;+13°
2024;4;22;+25°;+15°
2024;4;23;+24°;+16°
2024;4;24;+18°;+14°
2024;4;25;+15°;+11°
2024;4;26;+17°;+10°
2024;4;27;+24°;+16°
2024;4;28;+19°;+14°
2024;4;29;+14°;+7°
2024;4;30;+14°;+6°
2024;5;1;+11°;+7°
2024;5;2;+7°;+7°
2024;5;3;+7°;+3°
2024;5;4;+4°;0°
2024;5;5;+9°;0°
2024;5;6;+6°;+5°
2024;5;7;+12°;+2°
2024;5;8;+12°;+6°
2024;5;9;+4°;0°
2024;5;10;+6°;+1°
2024;5;11;+5°;+5°
2024;5;12;+5°;+5°
2024;5;13;+9°;+2°
2024;5;14;+8°;0°
2024;5;15;+8°;0°
2024;5;16;+12°;+3°
2024;5;17;+14°;+11°
2024;5;18;+10°;+10°
2024;5;19;+10°;+6°
2024;5;20;+17°;+7°
2024;5;21;+18°;+9°
2024;5;22;+14°;+9°
2024;5;23;+9°;+5°
2024;5;24;+10°;0°
2024;5;25;+22°;+10°
2024;5;26;+17°;+9°
2024;5;27;+12°;+5°
2024;5;28;+17°;+5°
2024;5;29;+22°;+12°
2024;5;30;+21°;+13°
2024;5;31;+24°;+11°
2024;6;1;+21°;+13°
2024;6;2;+24°;+16°
2024;6;3;+25°;+18°
2024;6;4;+25°;+16°
2024;6;5;+21°;+17°
2024;6;6;+20°;+16°
2024;6;7;+25°;+17°
2024;6;8;+18°;+18°
2024;6;9;+21°;+15°
2024;6;10;+21°;+17°
2024;6;11;+23°;+17°
2024;6;12;+28°;+20°
2024;6;13;+27°;+20°
2024;6;14;+29°;+20°
2024;6;15;+25°;+21°
2024;6;16;+29°;+18°
2024;6;17;+30°;+18°
2024;6;18;+30°;+16°
2024;6;19;+26°;+18°
2024;6;20;+23°;+16°
2024;6;21;+27°;+16°
2024;6;22;+21°;+16°
2024;6;23;+18°;+14°
2024;6;24;+13°;+11°
2024;6;25;+11°;+8°
2024;6;26;+15°;+9°
2024;6;27;+19°;+9°
2024;6;28;+17°;+10°
2024;6;29;+18°;+11°
2024;6;30;+20°;+8°
2024;7;1;+26°;+13°
2024;7;2;+26°;+16°
2024;7;3;+28°;+17°
2024;7;4;+31°;+19°
2024;7;5;+31°;+21°
2024;7;6;+31°;+21°
2024;7;7;+27°;+20°
2024;7;8;+23°;+13°
2024;7;9;+22°;+12°
2024;7;10;+26°;+15°
2024;7;11;+25°;+17°
2024;7;12;+18°;+12°
2024;7;13;+21°;+12°
2024;7;14;+25°;+14°
2024;7;15;+24°;+16°
2024;7;16;+23°;+14°
2024;7;17;+24°;+13°
2024;7;18;+24°;+17°
2024;7;19;+22°;+15°
2024;7;20;+26°;+17°
2024;7;21;+27°;+17°
2024;7;22;+17°;+13°
2024;7;23;+14°;+12°
2024;7;24;+22°;+13°
2024;7;25;+19°;+11°
2024;7;26;+16°;+11°
2024;7;27;+16°;+11°
2024;7;28;+17°;+11°
2024;7;29;+21°;+14°
2024;7;30;+22°;+16°
2024;7;31;+22°;+16°
2024;8;1;+22°;+15°
2024;8;2;+21°;+14°
2024;8;3;+20°;+13°
2024;8;4;+22°;+14°
2024;8;5;+20°;+16°
2024;8;6;+25°;+15°
2024;8;7;+25°;+15°
2024;8;8;+23°;+15°
2024;8;9;+22°;+14°
2024;8;10;+16°;+14°
2024;8;11;+17°;+13°
2024;8;12;+20°;+13°
2024;8;13;+17°;+11°
2024;8;14;+19°;+12°
2024;8;15;+17°;+10°
2024;8;16;+13°;+9°
2024;8;17;+17°;+12°
2024;8;18;+17°;+12°
2024;8;19;+21°;+12°
2024;8;20;+23°;+12°
2024;8;21;+20°;+12°
2024;8;22;+16°;+10°
2024;8;23;+21°;+12°
2024;8;24;+21°;+11°
2024;8;25;+19°;+14°
2024;8;26;+23°;+14°
2024;8;27;+22°;+12°
2024;8;28;+24°;+13°
2024;8;29;+23°;+16°
2024;8;30;+20°;+12°
2024;8;31;+17°;+11°
2024;9;1;+17°;+7°
2024;9;2;+20°;+8°
2024;9;3;+23°;+11°
2024;9;4;+16°;+8°
2024;9;5;+15°;+7°
2024;9;6;+18°;+7°
2024;9;7;+21°;+10°
2024;9;8;+24°;+13°
2024;9;9;+24°;+15°
2024;9;10;+24°;+16°
2024;9;11;+24°;+16°
2024;9;12;+22°;+13°
2024;9;13;+20°;+10°
2024;9;14;+22°;+12°
2024;9;15;+22°;+14°
2024;9;16;+21°;+11°
2024;9;17;+18°;+9°
2024;9;18;+19°;+8°
2024;9;19;+21°;+10°
2024;9;20;+13°;+12°
2024;9;21;+15°;+10°
2024;9;22;+13°;+6°
2024;9;23;+12°;+3°
2024;9;24;+12°;+3°
2024;9;25;+14°;+4°
2024;9;26;+17°;+6°
2024;9;27;+19°;+7°
2024;9;28;+19°;+7°
2024;9;29;+19°;+12°
2024;9;30;+21°;+10°
2024;10;1;+21°;+11°
2024;10;2;+17°;+5°
2024;10;3;+13°;+5°
2024;10;4;+14°;+5°
2024;10;5;+15°;+5°
2024;10;6;+15°;+8°
2024;10;7;+14°;+7°
2024;10;8;+21°;+11°
2024;10;9;+15°;+12°
2024;10;10;+10°;+3°
2024;10;11;+4°;-1°
2024;10;12;+4°;-3°
2024;10;13;+7°;-2°
2024;10;14;+8°;0°
2024;10;15;+10°;+1°
2024;10;16;+9°;+1°
2024;10;17;+8°;+4°
2024;10;18;+9°;+1°
2024;10;19;+10°;+1°
2024;10;20;+11°;+3°
2024;10;21;+9°;+1°
2024;10;22;+11°;+3°
2024;10;23;+10°;+5°
2024;10;24;+8°;+6°
2024;10;25;+6°;+5°
2024;10;26;+4°;+2°
2024;10;27;+4°;0°
2024;10;28;+4°;+1°
2024;10;29;+4°;0°
2024;10;30;+3°;+1°
2024;10;31;+5°;+2°
2024;11;1;+2°;+1°
2024;11;2;+8°;0°
2024;11;3;0°;-2°
2024;11;4;0°;-3°
2024;11;5;0°;-2°
2024;11;6;-2°;-4°
2024;11;7;-2°;-7°
2024;11;8;0°;-4°
2024;11;9;+2°;0°
2024;11;10;+2°;-3°
2024;11;11;0°;-3°
2024;11;12;0°;-4°
2024;11;13;0°;-2°
2024;11;14;0°;-2°
2024;11;15;0°;-1°
2024;11;16;0°;0°
2024;11;17;+1°;0°
2024;11;18;+1°;0°
2024;11;19;+1°;0°
2024;11;20;+1°;-1°
2024;11;21;+1°;-1°
2024;11;22;+2°;0°
2024;11;23;+2°;+1°
2024;11;24;+2°;0°
2024;11;25;0°;-3°
2024;11;26;0°;-4°
2024;11;27;+1°;-3°
2024;11;28;0°;-3°
2024;11;29;-1°;-4°
2024;11;30;0°;-1°
2024;12;1;0°;0°
2024;12;2;0°;-1°
2024;12;3;0°;-1°
2024;12;4;0°;-3°
2024;12;5;-2°;-3°
2024;12;6;-5°;-5°
2024;12;7;-8°;-9°
2024;12;8;-8°;-10°
2024;12;9;-4°;-8°
2024;12;10;-3°;-4°
2024;12;11;-2°;-5°
2024;12;12;-1°;-2°
2024;12;13;-1°;-7°
2024;12;14;-7°;-10°
2024;12;15;-10°;-17°
2024;12;16;0°;-12°
2024;12;17;-2°;-4°
2024;12;18;-2°;-7°
2024;12;19;-5°;-15°
2024;12;20;-13°;-20°
2024;12;21;0°;-11°
2024;12;22;0°;-3°
2024;12;23;-4°;-13°
2024;12;24;-8°;-15°
2024;12;25;-11°;-18°
2024;12;26;-8°;-17°
2024;12;27;-1°;-9°
2024;12;28;-1°;-10°
2024;12;29;-4°;-12°
2024;12;30;-5°;-14°
2024;12;31;-3°;-8°
